{
  "victims": [
    {
      "id": "Victim01",
      "position": [
        5.298218341399583,
        11.950408698461343
      ],
      "zone": [
        -20,
        20,
        10,
        50
      ]
    }
  ]
}
